Miasto,Nazwa,Długość (km),Trudność,Typ terenu,Kategoria,Indeks komfortu,Wynik ważony,Szacowany czas
Gdańsk,Bazylika Konkatedralna Wniebowzięcia Najświętszej Maryi Panny,4.9,1/3,historical,RODZINNA,96.4/100,74.7/100,1h 13min
Gdańsk,Dom Wędkarza,4.9,1/3,mixed,RODZINNA,96.4/100,74.7/100,1h 13min
Gdańsk,Potok Rynarzewski,4.9,1/3,riverside,RODZINNA,96.4/100,74.7/100,1h 13min
Gdańsk,Schron dowodzenia baterii wydmowej 1911,4.9,1/3,mixed,RODZINNA,96.4/100,74.7/100,1h 13min
Gdańsk,Kanał Raduni,4.9,1/3,riverside,RODZINNA,96.4/100,74.7/100,1h 13min
Gdańsk,Potok Jaśkowy,4.9,1/3,riverside,RODZINNA,96.4/100,74.7/100,1h 13min
Gdańsk,Opływ Motławy,4.9,1/3,riverside,RODZINNA,96.4/100,74.7/100,1h 13min
Gdańsk,Bazylika Świętej Brygidy,4.8,1/3,historical,RODZINNA,96.4/100,74.4/100,1h 11min
Gdańsk,Ojcowska,4.8,1/3,mixed,RODZINNA,96.4/100,74.4/100,1h 11min
Gdańsk,Potok Jasień,4.8,1/3,riverside,RODZINNA,96.4/100,74.4/100,1h 11min
Gdańsk,Strzelniczka,4.8,1/3,riverside,RODZINNA,96.4/100,74.4/100,1h 11min
Gdańsk,Migowska Bielawa,4.8,1/3,mixed,RODZINNA,96.4/100,74.4/100,1h 11min
Gdańsk,Nowa Motława,4.8,1/3,riverside,RODZINNA,96.4/100,74.4/100,1h 11min
Gdańsk,Potok Jaśkowy,4.8,1/3,riverside,RODZINNA,96.4/100,74.4/100,1h 11min
Gdańsk,Potok Szadólski,4.8,1/3,riverside,RODZINNA,96.4/100,74.4/100,1h 11min
Gdańsk,Kanał Rudnicki,4.8,1/3,riverside,RODZINNA,96.4/100,74.4/100,1h 11min
Gdańsk,Dyrekcja Kolei w Gdańsku,4.8,1/3,mixed,RODZINNA,96.4/100,74.4/100,1h 11min
Gdańsk,Potok Oruński,4.7,1/3,riverside,RODZINNA,96.4/100,74.1/100,1h 10min
Gdańsk,Cegielniana Struga,4.7,1/3,riverside,RODZINNA,96.4/100,74.1/100,1h 10min
Gdańsk,Brama Żuławska,4.7,1/3,historical,RODZINNA,96.4/100,74.1/100,1h 10min
Gdańsk,Warzywód II,4.7,1/3,riverside,RODZINNA,96.4/100,74.1/100,1h 10min
Gdańsk,Potok Maćkowy,4.7,1/3,riverside,RODZINNA,96.4/100,74.1/100,1h 10min
Gdańsk,Kanał Młynówka,4.7,1/3,riverside,RODZINNA,96.4/100,74.1/100,1h 10min
Gdańsk,Rezerwat Źródliska w dolinie Ewy,4.7,1/3,mixed,RODZINNA,96.4/100,74.1/100,1h 10min
Gdańsk,Stara Motława,4.7,1/3,riverside,RODZINNA,96.4/100,74.1/100,1h 10min
Gdańsk,Warzywód,4.7,1/3,riverside,RODZINNA,96.4/100,74.1/100,1h 10min
Gdańsk,poligon treningowy dla psów ratowniczych,4.7,1/3,mixed,RODZINNA,96.4/100,74.1/100,1h 10min
Gdańsk,Park Diany,4.7,1/3,mixed,RODZINNA,96.4/100,74.1/100,1h 10min
Gdańsk,Potok Matarnicki,4.7,1/3,riverside,RODZINNA,96.4/100,74.1/100,1h 10min
Gdańsk,Potok Czystej Wody,4.7,1/3,riverside,RODZINNA,96.4/100,74.1/100,1h 10min
Gdańsk,Czarna Łacha,4.7,1/3,riverside,RODZINNA,96.4/100,74.1/100,1h 10min
Gdańsk,Kanał Raduni,4.7,1/3,riverside,RODZINNA,96.4/100,74.1/100,1h 10min
Gdańsk,Strzyża,4.7,1/3,riverside,RODZINNA,96.4/100,74.1/100,1h 10min
Gdańsk,Potok Siedlecki,4.7,1/3,riverside,RODZINNA,96.4/100,74.1/100,1h 10min
Gdańsk,Bastion Piaskowy,4.7,1/3,historical,RODZINNA,96.4/100,74.1/100,1h 10min
Gdańsk,Martwa Wisła,4.7,1/3,riverside,RODZINNA,96.4/100,74.1/100,1h 10min
Gdańsk,Pomnik Poległych Stoczniowców w Gdańsku,4.7,1/3,historical,RODZINNA,96.4/100,74.1/100,1h 10min
Gdańsk,Brama Żuraw,4.6,1/3,historical,RODZINNA,96.4/100,73.8/100,1h 8min
Gdańsk,Baszta Łabędź,4.6,1/3,historical,RODZINNA,96.4/100,73.8/100,1h 8min
Gdańsk,Nowa Motława,4.6,1/3,riverside,RODZINNA,96.4/100,73.8/100,1h 8min
Gdańsk,Potok Maćkowy,4.6,1/3,riverside,RODZINNA,96.4/100,73.8/100,1h 8min
Gdańsk,Potok Siedlicki,4.6,1/3,riverside,RODZINNA,96.4/100,73.8/100,1h 8min
Gdańsk,Potok Oliwski,4.6,1/3,riverside,RODZINNA,96.4/100,73.8/100,1h 8min
Gdańsk,Czarna Łacha,4.6,1/3,riverside,RODZINNA,96.4/100,73.8/100,1h 8min
Gdańsk,Potok Oruński,4.5,1/3,riverside,RODZINNA,96.4/100,73.5/100,1h 7min
Gdańsk,Kanał Młynówka,4.5,1/3,riverside,RODZINNA,96.4/100,73.5/100,1h 7min
Gdańsk,Bastion Królik,4.5,1/3,mixed,RODZINNA,96.4/100,73.5/100,1h 7min
Gdańsk,Katownia,4.5,1/3,historical,RODZINNA,96.4/100,73.5/100,1h 7min
Gdańsk,Łozy w Kiełpinie,4.5,1/3,mixed,RODZINNA,96.4/100,73.5/100,1h 7min
Gdańsk,Potok Czystej Wody,4.5,1/3,riverside,RODZINNA,96.4/100,73.5/100,1h 7min
Gdańsk,Potok Zajączkowski,4.5,1/3,riverside,RODZINNA,96.4/100,73.5/100,1h 7min
Gdańsk,Potok Królewski,4.4,1/3,riverside,RODZINNA,96.4/100,73.2/100,1h 6min
Gdańsk,Potok Oliwski,4.4,1/3,riverside,RODZINNA,96.4/100,73.2/100,1h 6min
Gdańsk,Strzelniczka,4.4,1/3,riverside,RODZINNA,96.4/100,73.2/100,1h 6min
Gdańsk,Potok Jaśkowy,4.4,1/3,riverside,RODZINNA,96.4/100,73.2/100,1h 6min
Gdańsk,Park Schopenhauera,4.4,1/3,mixed,RODZINNA,96.4/100,73.2/100,1h 6min
Gdańsk,Ogrody Doraco,4.4,1/3,mixed,RODZINNA,96.4/100,73.2/100,1h 6min
Gdańsk,Roślinność łąkowa,4.4,1/3,mixed,RODZINNA,96.4/100,73.2/100,1h 6min
Gdańsk,Potok Czystej Wody,4.4,1/3,riverside,RODZINNA,96.4/100,73.2/100,1h 6min
Gdańsk,Bastion Jerozolimski,4.4,1/3,historical,RODZINNA,96.4/100,73.2/100,1h 6min
Gdańsk,Bastion Neubauer'a,4.4,1/3,historical,RODZINNA,96.4/100,73.2/100,1h 6min
Gdańsk,Park Chirona,4.3,1/3,mixed,RODZINNA,96.4/100,72.9/100,1h 4min
Gdańsk,Potok Oliwski,4.3,1/3,riverside,RODZINNA,96.4/100,72.9/100,1h 4min
Gdańsk,Kanał Młynówka,4.3,1/3,riverside,RODZINNA,96.4/100,72.9/100,1h 4min
Gdańsk,Potok Rynarzewski,4.3,1/3,riverside,RODZINNA,96.4/100,72.9/100,1h 4min
Gdańsk,Poterna - część górna,4.3,1/3,mixed,RODZINNA,96.4/100,72.9/100,1h 4min
Gdańsk,Potok Jaśkowy,4.3,1/3,riverside,RODZINNA,96.4/100,72.9/100,1h 4min
Gdańsk,Potok Oruński,4.3,1/3,riverside,RODZINNA,96.4/100,72.9/100,1h 4min
Gdańsk,Nowa Motława,4.3,1/3,riverside,RODZINNA,96.4/100,72.9/100,1h 4min
Gdańsk,Bastion św. Elżbiety,4.2,1/3,historical,RODZINNA,96.4/100,72.6/100,1h 3min
Gdańsk,Potok Królewski,4.2,1/3,riverside,RODZINNA,96.4/100,72.6/100,1h 3min
Gdańsk,Kanał Młynówka,4.2,1/3,riverside,RODZINNA,96.4/100,72.6/100,1h 3min
Gdańsk,Potok Rynarzewski,4.2,1/3,riverside,RODZINNA,96.4/100,72.6/100,1h 3min
Gdańsk,Potok Strzyża,4.2,1/3,riverside,RODZINNA,96.4/100,72.6/100,1h 3min
Gdańsk,Bastion Miś,4.2,1/3,mixed,RODZINNA,96.4/100,72.6/100,1h 3min
Gdańsk,Potok Święty Wojciech,4.2,1/3,riverside,RODZINNA,96.4/100,72.6/100,1h 3min
Gdańsk,Potok Smęgorzyński,4.2,1/3,riverside,RODZINNA,96.4/100,72.6/100,1h 3min
Gdańsk,Strzyża,4.2,1/3,riverside,RODZINNA,96.4/100,72.6/100,1h 3min
Gdańsk,Zielony Staw,4.2,1/3,mixed,RODZINNA,96.4/100,72.6/100,1h 3min
Gdańsk,Potok Maćkowy,4.2,1/3,riverside,RODZINNA,96.4/100,72.6/100,1h 3min
Gdańsk,Skwer przy ul. Kaszubskiej,4.2,1/3,mixed,RODZINNA,96.4/100,72.6/100,1h 3min
Gdańsk,Potok Kowalski,4.2,1/3,riverside,RODZINNA,96.4/100,72.6/100,1h 3min
Gdańsk,Park Brzeźnieński im. J. J. Haffnera,4.2,1/3,mixed,RODZINNA,96.4/100,72.6/100,1h 3min
Gdańsk,Dolina Reinkego (Źródlana),4.1,1/3,mixed,RODZINNA,96.4/100,72.3/100,1h 1min
Gdańsk,Dwór Zakoniczyn,4.1,1/3,historical,RODZINNA,96.4/100,72.3/100,1h 1min
Gdańsk,Potok Oliwski,4.1,1/3,riverside,RODZINNA,96.4/100,72.3/100,1h 1min
Gdańsk,Młyn IX,4.1,1/3,mixed,RODZINNA,96.4/100,72.3/100,1h 1min
Gdańsk,Strzyża,4.1,1/3,riverside,RODZINNA,96.4/100,72.3/100,1h 1min
Gdańsk,Kamienny krąg,4.1,1/3,mixed,RODZINNA,96.4/100,72.3/100,1h 1min
Gdańsk,Potok Rynarzewski,4.1,1/3,riverside,RODZINNA,96.4/100,72.3/100,1h 1min
Gdańsk,Kanał Rudnicki,4.1,1/3,riverside,RODZINNA,96.4/100,72.3/100,1h 1min
Gdańsk,Szlak Batorego,4.1,1/3,riverside,RODZINNA,96.4/100,72.3/100,1h 1min
Gdańsk,Kościół pw. Świętego Józefa,4.0,1/3,historical,RODZINNA,96.4/100,72.0/100,1h
Gdańsk,Park im. ks. Bronisława Kabata,4.0,1/3,mixed,RODZINNA,96.4/100,72.0/100,1h
Gdańsk,Warzywód II,4.0,1/3,riverside,RODZINNA,96.4/100,72.0/100,1h
Gdańsk,Potok Szadułski,4.0,1/3,riverside,RODZINNA,96.4/100,72.0/100,1h
Gdańsk,"Stanowisko obserwacyjne ""Kosmonautów""",4.0,1/3,mixed,RODZINNA,96.4/100,72.0/100,1h
Gdańsk,Pozostałości muru zamku krzyżackiego,4.0,1/3,historical,RODZINNA,96.4/100,72.0/100,1h
Gdańsk,Potok Rynarzewski,4.0,1/3,riverside,RODZINNA,96.4/100,72.0/100,1h
Gdańsk,Strzyża,4.0,1/3,riverside,RODZINNA,96.4/100,72.0/100,1h
Gdańsk,Martwa Wisła,3.9,1/3,riverside,RODZINNA,96.4/100,71.7/100,58min
Gdańsk,Kościół pw. Świętej Katarzyny,3.9,1/3,historical,RODZINNA,96.4/100,71.7/100,58min
Gdańsk,Polana Augusty,3.9,1/3,mixed,RODZINNA,96.4/100,71.7/100,58min
Gdańsk,Stara Motława,3.9,1/3,riverside,RODZINNA,96.4/100,71.7/100,58min
Gdańsk,Park Ferberów,3.9,1/3,mixed,RODZINNA,96.4/100,71.7/100,58min
Gdańsk,Potok Prochowy,3.9,1/3,riverside,RODZINNA,96.4/100,71.7/100,58min
Gdańsk,Potok Maćkowy,3.9,1/3,riverside,RODZINNA,96.4/100,71.7/100,58min
Gdańsk,Twierdza Wisłoujście,3.8,1/3,historical,RODZINNA,96.4/100,71.4/100,57min
Gdańsk,Baszta Jacek,3.8,1/3,historical,RODZINNA,96.4/100,71.4/100,57min
Gdańsk,Park Oruński im. Emilii Hoene,3.8,1/3,mixed,RODZINNA,96.4/100,71.4/100,57min
Gdańsk,Potok Oliwski,3.8,1/3,riverside,RODZINNA,96.4/100,71.4/100,57min
Gdańsk,Magazyn Amunicyjny,3.8,1/3,historical,RODZINNA,96.4/100,71.4/100,57min
Gdańsk,Salwinia w Owczarni,3.8,1/3,mixed,RODZINNA,96.4/100,71.4/100,57min
Gdańsk,Strzyża,3.8,1/3,riverside,RODZINNA,96.4/100,71.4/100,57min
Gdańsk,Park Dworu II,3.8,1/3,mixed,RODZINNA,96.4/100,71.4/100,57min
Gdańsk,Potok Prochowy,3.8,1/3,riverside,RODZINNA,96.4/100,71.4/100,57min
Gdańsk,Dom Opatów Pelplińskich,3.7,1/3,historical,RODZINNA,96.4/100,71.1/100,55min
Gdańsk,Skwer Marszałka Józefa Piłsudskiego,3.7,1/3,mixed,RODZINNA,96.4/100,71.1/100,55min
Gdańsk,Potok Oruński,3.7,1/3,riverside,RODZINNA,96.4/100,71.1/100,55min
Gdańsk,Strzelniczka,3.7,1/3,riverside,RODZINNA,96.4/100,71.1/100,55min
Gdańsk,Jasień,3.7,1/3,riverside,RODZINNA,96.4/100,71.1/100,55min
Gdańsk,Kanał Raduni,3.7,1/3,riverside,RODZINNA,96.4/100,71.1/100,55min
Gdańsk,Roślinność leśna,3.7,1/3,mixed,RODZINNA,96.4/100,71.1/100,55min
Gdańsk,Spichlerz Klasztorny,3.6,1/3,mixed,RODZINNA,96.4/100,70.8/100,54min
Gdańsk,Park im. Józefa Wybickiego,3.6,1/3,mixed,RODZINNA,96.4/100,70.8/100,54min
Gdańsk,Mała Zbrojownia,3.6,1/3,historical,RODZINNA,96.4/100,70.8/100,54min
Gdańsk,Strzyża,3.6,1/3,riverside,RODZINNA,96.4/100,70.8/100,54min
Gdańsk,Potok Bernarda,3.6,1/3,riverside,RODZINNA,96.4/100,70.8/100,54min
Gdańsk,Bastion św. Elżbiety,3.6,1/3,historical,RODZINNA,96.4/100,70.8/100,54min
Gdańsk,Pomnik Kindertransportów,3.6,1/3,historical,RODZINNA,96.4/100,70.8/100,54min
Gdańsk,Stara Motława,3.6,1/3,riverside,RODZINNA,96.4/100,70.8/100,54min
Gdańsk,Kaplica Matki Bożej Brzemiennej w Gdańsku Matemblewie,3.6,1/3,historical,RODZINNA,96.4/100,70.8/100,54min
Gdańsk,Wysokie Czoło Kurkowe,3.6,1/3,historical,RODZINNA,96.4/100,70.8/100,54min
Gdańsk,Brama Wyżynna,3.5,1/3,historical,RODZINNA,96.4/100,70.5/100,52min
Gdańsk,Skwer im. Polskich Harcerzy w byłym Wolnym Mieście Gdańsku,3.5,1/3,mixed,RODZINNA,96.4/100,70.5/100,52min
Gdańsk,Potok Maćkowy,3.5,1/3,riverside,RODZINNA,96.4/100,70.5/100,52min
Gdańsk,Stacja kolejowa,3.5,1/3,historical,RODZINNA,96.4/100,70.5/100,52min
Gdańsk,Potok Święty Wojciech,3.5,1/3,riverside,RODZINNA,96.4/100,70.5/100,52min
Gdańsk,Potok Oliwski,3.5,1/3,riverside,RODZINNA,96.4/100,70.5/100,52min
Gdańsk,Kościół pw. Świętej Elżbiety,3.4,1/3,historical,RODZINNA,96.4/100,70.2/100,51min
Gdańsk,Kościół pw. Świętej Barbary,3.4,1/3,historical,RODZINNA,96.4/100,70.2/100,51min
Gdańsk,Kanał D,3.4,1/3,riverside,RODZINNA,96.4/100,70.2/100,51min
Gdańsk,Rezerwat Dolina Strzyży,3.4,1/3,mixed,RODZINNA,96.4/100,70.2/100,51min
Gdańsk,Strzyża,3.4,1/3,riverside,RODZINNA,96.4/100,70.2/100,51min
Gdańsk,Bazylika Świętego Mikołaja,3.4,1/3,historical,RODZINNA,96.4/100,70.2/100,51min
Gdańsk,Jasień,3.4,1/3,riverside,RODZINNA,96.4/100,70.2/100,51min
Gdańsk,Potok Królewski,3.4,1/3,riverside,RODZINNA,96.4/100,70.2/100,51min
Gdańsk,Fort Góry Gradowej,3.4,1/3,historical,RODZINNA,96.4/100,70.2/100,51min
Gdańsk,Potok Oliwski,3.4,1/3,riverside,RODZINNA,96.4/100,70.2/100,51min
Gdańsk,Zbrojownia,3.3,1/3,historical,RODZINNA,96.4/100,69.9/100,49min
Gdańsk,Potok Zajączkowski,3.3,1/3,riverside,RODZINNA,96.4/100,69.9/100,49min
Gdańsk,Baszta Słomiana,3.3,1/3,historical,RODZINNA,96.4/100,69.9/100,49min
Gdańsk,Strzelniczka,3.3,1/3,riverside,RODZINNA,96.4/100,69.9/100,49min
Gdańsk,Kanał A,3.3,1/3,riverside,RODZINNA,96.4/100,69.9/100,49min
Gdańsk,Potok Maćkowy,3.3,1/3,riverside,RODZINNA,96.4/100,69.9/100,49min
Gdańsk,Gdański Ogród Zoologiczny,3.3,1/3,mixed,RODZINNA,96.4/100,69.9/100,49min
Gdańsk,Skwer Bajki,3.3,1/3,mixed,RODZINNA,96.4/100,69.9/100,49min
Gdańsk,Potok Czystej Wody,3.3,1/3,riverside,RODZINNA,96.4/100,69.9/100,49min
Gdańsk,Lasy Oliwskie,3.3,1/3,mixed,RODZINNA,96.4/100,69.9/100,49min
Gdańsk,Park Akademicki,3.2,1/3,mixed,RODZINNA,96.4/100,69.6/100,48min
Gdańsk,Radunia,3.2,1/3,riverside,RODZINNA,96.4/100,69.6/100,48min
Gdańsk,Potok Oruński,3.2,1/3,riverside,RODZINNA,96.4/100,69.6/100,48min
Gdańsk,Śluza Kamienna,3.2,1/3,riverside,RODZINNA,96.4/100,69.6/100,48min
Gdańsk,Ogród Roślin Leczniczych,3.2,1/3,mixed,RODZINNA,96.4/100,69.6/100,48min
Gdańsk,Zielone Wyspy,3.2,1/3,mixed,RODZINNA,96.4/100,69.6/100,48min
Gdańsk,Ogród na Ołowiance,3.2,1/3,mixed,RODZINNA,96.4/100,69.6/100,48min
Gdańsk,Park Okazała Strzyża,3.2,1/3,mixed,RODZINNA,96.4/100,69.6/100,48min
Gdańsk,Kanał Raduni,3.2,1/3,riverside,RODZINNA,96.4/100,69.6/100,48min
Gdańsk,Strzyża,3.2,1/3,riverside,RODZINNA,96.4/100,69.6/100,48min
Gdańsk,Park Salwator,3.1,1/3,mixed,RODZINNA,96.4/100,69.3/100,46min
Gdańsk,Kiełpińska Struga,3.1,1/3,riverside,RODZINNA,96.4/100,69.3/100,46min
Gdańsk,Strzyża,3.1,1/3,riverside,RODZINNA,96.4/100,69.3/100,46min
Gdańsk,Potok Bernarda,3.1,1/3,riverside,RODZINNA,96.4/100,69.3/100,46min
Gdańsk,Gardziel,3.1,1/3,riverside,RODZINNA,96.4/100,69.3/100,46min
Gdańsk,Potok Rynarzewski,3.1,1/3,riverside,RODZINNA,96.4/100,69.3/100,46min
Gdańsk,Zieleniec Parterowa,3.1,1/3,mixed,RODZINNA,96.4/100,69.3/100,46min
Gdańsk,Tajemniczy Ogród,3.1,1/3,mixed,RODZINNA,96.4/100,69.3/100,46min
Gdańsk,Potok Smęgorzyński,3.1,1/3,riverside,RODZINNA,96.4/100,69.3/100,46min
Gdańsk,Bastion Żubr,3.0,1/3,historical,RODZINNA,96.4/100,69.0/100,45min
Gdańsk,Park imienia Ronalda Reagana,3.0,1/3,mixed,RODZINNA,96.4/100,69.0/100,45min
Gdańsk,Potok Kowalski,3.0,1/3,riverside,RODZINNA,96.4/100,69.0/100,45min
Gdańsk,Mała Zbrojownia,3.0,1/3,historical,RODZINNA,96.4/100,69.0/100,45min
Gdańsk,Schron 25 BAS,3.0,1/3,historical,RODZINNA,96.4/100,69.0/100,45min
Gdańsk,Park Opacka,3.0,1/3,mixed,RODZINNA,96.4/100,69.0/100,45min
Gdańsk,Skwer gen. Marka Bezruczki,3.0,1/3,mixed,RODZINNA,96.4/100,69.0/100,45min
Gdańsk,Potok Jasień,3.0,1/3,riverside,RODZINNA,96.4/100,69.0/100,45min
Gdańsk,Bastion Ostroróg,3.0,1/3,historical,RODZINNA,96.4/100,69.0/100,45min
Gdańsk,Radunia,2.9,1/3,riverside,RODZINNA,96.4/100,68.7/100,43min
Gdańsk,Park Uphagena,2.9,1/3,mixed,RODZINNA,96.4/100,68.7/100,43min
Gdańsk,Potok Rynarzewski,2.9,1/3,riverside,RODZINNA,96.4/100,68.7/100,43min
Gdańsk,Kościół pw. Świętego Jakuba,2.9,1/3,historical,RODZINNA,96.4/100,68.7/100,43min
Gdańsk,Targ Drzewny,2.9,1/3,mixed,RODZINNA,96.4/100,68.7/100,43min
Gdańsk,Potok Smęgorzyński,2.9,1/3,riverside,RODZINNA,96.4/100,68.7/100,43min
Gdańsk,Kanał Portowy,2.9,1/3,riverside,RODZINNA,96.4/100,68.7/100,43min
Gdańsk,Potok Święty Wojciech,2.9,1/3,riverside,RODZINNA,96.4/100,68.7/100,43min
Gdańsk,Nabrzeże Zbożowe,2.9,1/3,mixed,RODZINNA,96.4/100,68.7/100,43min
Gdańsk,Potok Jaśkowy,2.9,1/3,riverside,RODZINNA,96.4/100,68.7/100,43min
Gdańsk,Potok Królewski,2.9,1/3,riverside,RODZINNA,96.4/100,68.7/100,43min
Gdańsk,Nowy Ratusz,2.8,1/3,mixed,RODZINNA,96.4/100,68.4/100,42min
Gdańsk,Bastion Wyskok,2.8,1/3,historical,RODZINNA,96.4/100,68.4/100,42min
Gdańsk,Skwer im. Ireny Jarockiej,2.8,1/3,mixed,RODZINNA,96.4/100,68.4/100,42min
Gdańsk,Potok Zajączkowski,2.8,1/3,riverside,RODZINNA,96.4/100,68.4/100,42min
Gdańsk,Strzyża,2.8,1/3,riverside,RODZINNA,96.4/100,68.4/100,42min
Gdańsk,Kanał Raduni,2.8,1/3,riverside,RODZINNA,96.4/100,68.4/100,42min
Gdańsk,Potok Czystej Wody,2.8,1/3,riverside,RODZINNA,96.4/100,68.4/100,42min
Gdańsk,Potok Jaśkowy,2.8,1/3,riverside,RODZINNA,96.4/100,68.4/100,42min
Gdańsk,Nowy Port,2.7,1/3,historical,RODZINNA,96.4/100,68.1/100,40min
Gdańsk,Brama Nizinna,2.7,1/3,historical,RODZINNA,96.4/100,68.1/100,40min
Gdańsk,Plac Dariusza Kobzdeja,2.7,1/3,mixed,RODZINNA,96.4/100,68.1/100,40min
Gdańsk,Strzelniczka,2.7,1/3,riverside,RODZINNA,96.4/100,68.1/100,40min
Gdańsk,Rezerwat Wąwóz Huzarów,2.7,1/3,mixed,RODZINNA,96.4/100,68.1/100,40min
Gdańsk,Potok Oliwski,2.7,1/3,riverside,RODZINNA,96.4/100,68.1/100,40min
Gdańsk,Skwer przy ul. Drzymały,2.7,1/3,mixed,RODZINNA,96.4/100,68.1/100,40min
Gdańsk,Potok Siedlicki,2.7,1/3,riverside,RODZINNA,96.4/100,68.1/100,40min
Gdańsk,Źródliska w Dolinie Ewy,2.7,1/3,mixed,RODZINNA,96.4/100,68.1/100,40min
Gdańsk,Skwer im. Anny Walentynowicz,2.6,1/3,mixed,RODZINNA,96.4/100,67.8/100,39min
Gdańsk,Potok Maćkowy,2.6,1/3,riverside,RODZINNA,96.4/100,67.8/100,39min
Gdańsk,Baszta Mała Stągiewna,2.6,1/3,historical,RODZINNA,96.4/100,67.8/100,39min
Gdańsk,Potok Strzyża,2.6,1/3,riverside,RODZINNA,96.4/100,67.8/100,39min
Gdańsk,"Silnik główny ze statku m.s. ""Romuald Traugutt""",2.6,1/3,mixed,RODZINNA,96.4/100,67.8/100,39min
Gdańsk,Strzyża,2.6,1/3,riverside,RODZINNA,96.4/100,67.8/100,39min
Gdańsk,Potok Rynarzewski,2.6,1/3,riverside,RODZINNA,96.4/100,67.8/100,39min
Gdańsk,Most Rogoźników,2.6,1/3,historical,RODZINNA,96.4/100,67.8/100,39min
Gdańsk,Park im. Daniela Gralatha,2.5,1/3,mixed,RODZINNA,96.4/100,67.5/100,37min
Gdańsk,Ratusz Starego Miasta,2.5,1/3,historical,RODZINNA,96.4/100,67.5/100,37min
Gdańsk,Kiełpińska Struga,2.5,1/3,riverside,RODZINNA,96.4/100,67.5/100,37min
Gdańsk,Dawne Schody Hańby,2.5,1/3,mixed,RODZINNA,96.4/100,67.5/100,37min
Gdańsk,Strzyża,2.5,1/3,riverside,RODZINNA,96.4/100,67.5/100,37min
Gdańsk,Potok Oliwski,2.5,1/3,riverside,RODZINNA,96.4/100,67.5/100,37min
Gdańsk,Potok Oruński,2.5,1/3,riverside,RODZINNA,96.4/100,67.5/100,37min
Gdańsk,Potok Prochowy,2.5,1/3,riverside,RODZINNA,96.4/100,67.5/100,37min
Gdańsk,"Park linowy ""Małpi Jar""",2.5,1/3,mixed,RODZINNA,96.4/100,67.5/100,37min
Gdańsk,Baszta Narożna,2.5,1/3,historical,RODZINNA,96.4/100,67.5/100,37min
Gdańsk,Skwer Bohaterskiego Mariupola,2.5,1/3,mixed,RODZINNA,96.4/100,67.5/100,37min
Gdańsk,Potok Jaśkowy,2.5,1/3,riverside,RODZINNA,96.4/100,67.5/100,37min
Gdańsk,Park przy osiedlu Biotura,2.5,1/3,mixed,RODZINNA,96.4/100,67.5/100,37min
Gdańsk,Kanał Młynówka,2.5,1/3,riverside,RODZINNA,96.4/100,67.5/100,37min
Gdańsk,Bastion Wilk,2.4,1/3,historical,RODZINNA,96.4/100,67.2/100,36min
Gdańsk,Bazylika Archikatedralna Trójcy Świętej,2.4,1/3,historical,RODZINNA,96.4/100,67.2/100,36min
Gdańsk,Potok Smęgorzyński,2.4,1/3,riverside,RODZINNA,96.4/100,67.2/100,36min
Gdańsk,Strzelniczka,2.4,1/3,riverside,RODZINNA,96.4/100,67.2/100,36min
Gdańsk,Potok Oliwski,2.4,1/3,riverside,RODZINNA,96.4/100,67.2/100,36min
Gdańsk,Pole Gwiazd,2.4,1/3,historical,RODZINNA,96.4/100,67.2/100,36min
Gdańsk,Potok Oruński,2.4,1/3,riverside,RODZINNA,96.4/100,67.2/100,36min
Gdańsk,Potok Jaśkowy,2.4,1/3,riverside,RODZINNA,96.4/100,67.2/100,36min
Gdańsk,Roslinność stepowa,2.4,1/3,mixed,RODZINNA,96.4/100,67.2/100,36min
Gdańsk,Wysokie Skrzydło Kurkowe,2.4,1/3,historical,RODZINNA,96.4/100,67.2/100,36min
Gdańsk,Kanał Młynówka,2.4,1/3,riverside,RODZINNA,96.4/100,67.2/100,36min
Gdańsk,Potok Oliwski,2.3,1/3,riverside,RODZINNA,96.4/100,66.9/100,34min
Gdańsk,Kanał Raduni,2.3,1/3,riverside,RODZINNA,96.4/100,66.9/100,34min
Gdańsk,Bastion św. Gertrudy,2.3,1/3,historical,RODZINNA,96.4/100,66.9/100,34min
Gdańsk,Potok Maćkowy,2.3,1/3,riverside,RODZINNA,96.4/100,66.9/100,34min
Gdańsk,Fontanna Neptuna,2.3,1/3,historical,RODZINNA,96.4/100,66.9/100,34min
Gdańsk,Magazyn Amunicyjny,2.3,1/3,historical,RODZINNA,96.4/100,66.9/100,34min
Gdańsk,Potok Jaśkowy,2.3,1/3,riverside,RODZINNA,96.4/100,66.9/100,34min
Gdańsk,Luneta Cafarellego,2.3,1/3,historical,RODZINNA,96.4/100,66.9/100,34min
Gdańsk,Potok Zajączkowski,2.3,1/3,riverside,RODZINNA,96.4/100,66.9/100,34min
Gdańsk,"Park ""Belgradzka""",2.3,1/3,mixed,RODZINNA,96.4/100,66.9/100,34min
Gdańsk,Szlak Ósmego Widoku,2.3,1/3,mixed,RODZINNA,96.4/100,66.9/100,34min
Gdańsk,Dworzec PKP Gdańsk Główny,2.2,1/3,historical,RODZINNA,96.4/100,66.6/100,33min
Gdańsk,Potok Oliwski,2.2,1/3,riverside,RODZINNA,96.4/100,66.6/100,33min
Gdańsk,Kaplica Królewska,2.2,1/3,historical,RODZINNA,96.4/100,66.6/100,33min
Gdańsk,Potok Bernarda,2.2,1/3,riverside,RODZINNA,96.4/100,66.6/100,33min
Gdańsk,Potok Królewski,2.2,1/3,riverside,RODZINNA,96.4/100,66.6/100,33min
Gdańsk,"Zbiornik Wody ""Kazimierz""",2.2,1/3,mixed,RODZINNA,96.4/100,66.6/100,33min
Gdańsk,Prochownia pod Kasztanami,2.2,1/3,mixed,RODZINNA,96.4/100,66.6/100,33min
Gdańsk,Potok Oruński,2.2,1/3,riverside,RODZINNA,96.4/100,66.6/100,33min
Gdańsk,Alpinarium,2.2,1/3,mixed,RODZINNA,96.4/100,66.6/100,33min
Gdańsk,Strzyża,2.2,1/3,riverside,RODZINNA,96.4/100,66.6/100,33min
Gdańsk,Potok Czystej Wody,2.2,1/3,riverside,RODZINNA,96.4/100,66.6/100,33min
Gdańsk,Roślinność wysokogórska,2.2,1/3,mixed,RODZINNA,96.4/100,66.6/100,33min
Gdańsk,Twierdza Wisłoujście,2.1,1/3,mixed,RODZINNA,96.4/100,66.3/100,31min
Gdańsk,Kanał Rudnicki,2.1,1/3,riverside,RODZINNA,96.4/100,66.3/100,31min
Gdańsk,Strzyża,2.1,1/3,riverside,RODZINNA,96.4/100,66.3/100,31min
Gdańsk,Potok Królewski,2.1,1/3,riverside,RODZINNA,96.4/100,66.3/100,31min
Gdańsk,Potok Rynarzewski,2.1,1/3,riverside,RODZINNA,96.4/100,66.3/100,31min
Gdańsk,Kalwaria,2.1,1/3,mixed,RODZINNA,96.4/100,66.3/100,31min
Gdańsk,Potok Jaśkowy,2.1,1/3,riverside,RODZINNA,96.4/100,66.3/100,31min
Gdańsk,Bastion Zbawiciel,2.1,1/3,historical,RODZINNA,96.4/100,66.3/100,31min
Gdańsk,Rozwójka,2.1,1/3,riverside,RODZINNA,96.4/100,66.3/100,31min
Gdańsk,Łącznik fioletowy TPK,2.1,1/3,mixed,RODZINNA,96.4/100,66.3/100,31min
Gdańsk,Strzyża,2.0,1/3,riverside,RODZINNA,96.4/100,66.0/100,30min
Gdańsk,Potok Oruński,2.0,1/3,riverside,RODZINNA,96.4/100,66.0/100,30min
Gdańsk,Potok Oliwski,2.0,1/3,riverside,RODZINNA,96.4/100,66.0/100,30min
Gdańsk,Potok Jaśkowy,2.0,1/3,riverside,RODZINNA,96.4/100,66.0/100,30min
Gdańsk,Hauward - plac szkoleniowy dla psów,2.0,1/3,mixed,RODZINNA,96.4/100,66.0/100,30min
Gdańsk,Warzywód,2.0,1/3,riverside,RODZINNA,96.4/100,66.0/100,30min
Gdańsk,Nabrzeże Zbożowe,2.0,1/3,mixed,RODZINNA,96.4/100,66.0/100,30min
Gdańsk,Park na Wroniej Górce,1.9,1/3,mixed,RODZINNA,96.4/100,65.7/100,28min
Gdańsk,Sień Gdańska,1.9,1/3,mixed,RODZINNA,96.4/100,65.7/100,28min
Gdańsk,Potok Oliwski,1.9,1/3,riverside,RODZINNA,96.4/100,65.7/100,28min
Gdańsk,Park Przymorze,1.9,1/3,mixed,RODZINNA,96.4/100,65.7/100,28min
Gdańsk,Strzyża,1.9,1/3,riverside,RODZINNA,96.4/100,65.7/100,28min
Gdańsk,Złota Brama,1.9,1/3,historical,RODZINNA,96.4/100,65.7/100,28min
Gdańsk,Skwer prof. Pawła Gałuszki,1.9,1/3,mixed,RODZINNA,96.4/100,65.7/100,28min
Gdańsk,Kanał Młynówka,1.9,1/3,riverside,RODZINNA,96.4/100,65.7/100,28min
Gdańsk,Ogród japoński,1.9,1/3,mixed,RODZINNA,96.4/100,65.7/100,28min
Gdańsk,Jaśkowy Zakątek,1.9,1/3,mixed,RODZINNA,96.4/100,65.7/100,28min
Gdańsk,Pozostałości muru zamku krzyżackiego,1.9,1/3,historical,RODZINNA,96.4/100,65.7/100,28min
Gdańsk,Strzelniczka,1.9,1/3,riverside,RODZINNA,96.4/100,65.7/100,28min
Gdańsk,Potok Siedlicki,1.9,1/3,riverside,RODZINNA,96.4/100,65.7/100,28min
Gdańsk,Migowska Struga,1.9,1/3,riverside,RODZINNA,96.4/100,65.7/100,28min
Gdańsk,Park poforteczny „Grodzisko”,1.8,1/3,mixed,RODZINNA,96.4/100,65.4/100,27min
Gdańsk,Warzywód II,1.8,1/3,riverside,RODZINNA,96.4/100,65.4/100,27min
Gdańsk,Potok Królewski,1.8,1/3,riverside,RODZINNA,96.4/100,65.4/100,27min
Gdańsk,Migowska Struga,1.8,1/3,riverside,RODZINNA,96.4/100,65.4/100,27min
Gdańsk,Potok Bernarda,1.8,1/3,riverside,RODZINNA,96.4/100,65.4/100,27min
Gdańsk,Motława,1.8,1/3,riverside,RODZINNA,96.4/100,65.4/100,27min
Gdańsk,Ruiny dawnej wieży widokowej,1.8,1/3,historical,RODZINNA,96.4/100,65.4/100,27min
Gdańsk,Potok Oliwski,1.8,1/3,riverside,RODZINNA,96.4/100,65.4/100,27min
Gdańsk,Roślinność ruderalna,1.8,1/3,mixed,RODZINNA,96.4/100,65.4/100,27min
Gdańsk,Kanał Raduni,1.7,1/3,riverside,RODZINNA,96.4/100,65.1/100,25min
Gdańsk,Skwer Czesława Niemena,1.7,1/3,mixed,RODZINNA,96.4/100,65.1/100,25min
Gdańsk,Strzyża,1.7,1/3,riverside,RODZINNA,96.4/100,65.1/100,25min
Gdańsk,Potok Królewski,1.7,1/3,riverside,RODZINNA,96.4/100,65.1/100,25min
Gdańsk,Cegielniana Struga,1.7,1/3,riverside,RODZINNA,96.4/100,65.1/100,25min
Gdańsk,Potok Siedlicki,1.7,1/3,riverside,RODZINNA,96.4/100,65.1/100,25min
Gdańsk,Ogród Biblijny,1.7,1/3,mixed,RODZINNA,96.4/100,65.1/100,25min
Gdańsk,Bastion Pośredni,1.7,1/3,historical,RODZINNA,96.4/100,65.1/100,25min
Gdańsk,Wielki Młyn,1.6,1/3,mixed,RODZINNA,96.4/100,64.8/100,24min
Gdańsk,Złota Kamienica,1.6,1/3,mixed,RODZINNA,96.4/100,64.8/100,24min
Gdańsk,Potok Maćkowy,1.6,1/3,riverside,RODZINNA,96.4/100,64.8/100,24min
Gdańsk,Kanał Raduni,1.6,1/3,riverside,RODZINNA,96.4/100,64.8/100,24min
Gdańsk,Strzyża,1.6,1/3,riverside,RODZINNA,96.4/100,64.8/100,24min
Gdańsk,Kanał Młynówka,1.6,1/3,riverside,RODZINNA,96.4/100,64.8/100,24min
Gdańsk,Park księdza kanonika Kazimierza Orkusza,1.6,1/3,mixed,RODZINNA,96.4/100,64.8/100,24min
Gdańsk,Baszta Browarna,1.6,1/3,historical,RODZINNA,96.4/100,64.8/100,24min
Gdańsk,Potok Czystej Wody,1.6,1/3,riverside,RODZINNA,96.4/100,64.8/100,24min
Gdańsk,Skwer Kwitnących Wiśni,1.6,1/3,mixed,RODZINNA,96.4/100,64.8/100,24min
Gdańsk,Potok Jaśkowy,1.6,1/3,riverside,RODZINNA,96.4/100,64.8/100,24min
Gdańsk,Redita Napoleońska,1.6,1/3,historical,RODZINNA,96.4/100,64.8/100,24min
Gdańsk,Potok Siedlicki,1.6,1/3,riverside,RODZINNA,96.4/100,64.8/100,24min
Gdańsk,Potok Jasień,1.6,1/3,riverside,RODZINNA,96.4/100,64.8/100,24min
Gdańsk,Park Jelitkowski,1.5,1/3,mixed,RODZINNA,96.4/100,64.5/100,22min
Gdańsk,Mleczny Piotr,1.5,1/3,historical,RODZINNA,96.4/100,64.5/100,22min
Gdańsk,Strzelniczka,1.5,1/3,riverside,RODZINNA,96.4/100,64.5/100,22min
Gdańsk,Park XXV-lecia Polski Rzeczypospolitej Ludowej,1.5,1/3,mixed,RODZINNA,96.4/100,64.5/100,22min
Gdańsk,Molo w Brzeźnie,1.5,1/3,mixed,RODZINNA,96.4/100,64.5/100,22min
Gdańsk,Potok Oruński,1.5,1/3,riverside,RODZINNA,96.4/100,64.5/100,22min
Gdańsk,Potok Oliwski,1.5,1/3,riverside,RODZINNA,96.4/100,64.5/100,22min
Gdańsk,Potok Prochowy,1.5,1/3,riverside,RODZINNA,96.4/100,64.5/100,22min
Gdańsk,Poterna - część dolna,1.5,1/3,mixed,RODZINNA,96.4/100,64.5/100,22min
Gdańsk,Bastion Vigilance,1.5,1/3,historical,RODZINNA,96.4/100,64.5/100,22min
Gdańsk,Rozwójka,1.5,1/3,riverside,RODZINNA,96.4/100,64.5/100,22min
Gdańsk,Kanał na Stępce,1.4,1/3,riverside,RODZINNA,96.4/100,64.2/100,21min
Gdańsk,Kanał Raduni,1.4,1/3,riverside,RODZINNA,96.4/100,64.2/100,21min
Gdańsk,Potok Oruński,1.4,1/3,riverside,RODZINNA,96.4/100,64.2/100,21min
Gdańsk,Wartownia nr 5,1.4,1/3,historical,RODZINNA,96.4/100,64.2/100,21min
Gdańsk,Młyn Prochowy,1.4,1/3,mixed,RODZINNA,96.4/100,64.2/100,21min
Gdańsk,Roślinność zaroślowa,1.4,1/3,mixed,RODZINNA,96.4/100,64.2/100,21min
Gdańsk,Opływ Motławy,1.4,1/3,riverside,RODZINNA,96.4/100,64.2/100,21min
Gdańsk,Źródliska Potoku Oliwskiego,1.4,1/3,mixed,RODZINNA,96.4/100,64.2/100,21min
Gdańsk,Park Millenium,1.3,1/3,mixed,RODZINNA,96.4/100,63.9/100,19min
Gdańsk,Park Generała Józefa Bema,1.3,1/3,mixed,RODZINNA,96.4/100,63.9/100,19min
Gdańsk,Potok Oliwski,1.3,1/3,riverside,RODZINNA,96.4/100,63.9/100,19min
Gdańsk,Kościół pw. Świętego Jana,1.3,1/3,historical,RODZINNA,96.4/100,63.9/100,19min
Gdańsk,Park im. Jana Pawła II,1.3,1/3,mixed,RODZINNA,96.4/100,63.9/100,19min
Gdańsk,Potok Jaśkowy,1.3,1/3,riverside,RODZINNA,96.4/100,63.9/100,19min
Gdańsk,Luneta Senarmont'a,1.3,1/3,historical,RODZINNA,96.4/100,63.9/100,19min
Gdańsk,Park Jordanowski,1.2,1/3,mixed,RODZINNA,96.4/100,63.6/100,18min
Gdańsk,Nabrzeże Oliwskie,1.2,1/3,mixed,RODZINNA,96.4/100,63.6/100,18min
Gdańsk,Potok Jasień,1.2,1/3,riverside,RODZINNA,96.4/100,63.6/100,18min
Gdańsk,Plaża Stogi,1.2,1/3,mixed,RODZINNA,96.4/100,63.6/100,18min
Gdańsk,Motława,1.1,1/3,riverside,RODZINNA,96.4/100,63.3/100,16min
Gdańsk,Potok Jasień,1.1,1/3,riverside,RODZINNA,96.4/100,63.3/100,16min
Gdańsk,Potok Królewski,1.1,1/3,riverside,RODZINNA,96.4/100,63.3/100,16min
Gdańsk,Potok Czystej Wody,1.1,1/3,riverside,RODZINNA,96.4/100,63.3/100,16min
Gdańsk,Sanktuarium Matki Bożej Brzemiennej w Gdańsku Matemblewie,1.1,1/3,mixed,RODZINNA,96.4/100,63.3/100,16min
Gdańsk,Potok Oliwski,1.1,1/3,riverside,RODZINNA,96.4/100,63.3/100,16min
Gdańsk,Strzyża,1.1,1/3,riverside,RODZINNA,96.4/100,63.3/100,16min
Gdańsk,Skwer Joachima Gudela,1.1,1/3,mixed,RODZINNA,96.4/100,63.3/100,16min
Gdańsk,Potok Matarnicki,1.1,1/3,riverside,RODZINNA,96.4/100,63.3/100,16min
Gdańsk,Przekop Wisły,1.1,1/3,riverside,RODZINNA,96.4/100,63.3/100,16min
Gdańsk,Wisła,1.047,1/3,riverside,RODZINNA,96.4/100,63.14/100,15min
Gdańsk,Park Westerplatte,1.0,1/3,mixed,RODZINNA,96.4/100,63.0/100,15min
Gdańsk,"Zbiornik wody ""Wysoki Dwór""",1.0,1/3,mixed,RODZINNA,96.4/100,63.0/100,15min
Gdańsk,Potok Jaśkowy,1.0,1/3,riverside,RODZINNA,96.4/100,63.0/100,15min
Gdańsk,"Stanowisko obserwacyjne ""Szybowcowa""",1.0,1/3,mixed,RODZINNA,96.4/100,63.0/100,15min
Gdańsk,Potok Siedlecki,1.0,1/3,riverside,RODZINNA,96.4/100,63.0/100,15min
Gdańsk,Park im. Steffensów,1.0,1/3,mixed,RODZINNA,96.4/100,63.0/100,15min
Gdańsk,Baszta Kotwiczników,0.9,1/3,historical,RODZINNA,96.4/100,62.7/100,13min
Gdańsk,Park im. Św. Barbary,0.9,1/3,mixed,RODZINNA,96.4/100,62.7/100,13min
Gdańsk,Skwer Lucyny Legut,0.9,1/3,mixed,RODZINNA,96.4/100,62.7/100,13min
Gdańsk,Park nad Strzyżą,0.8,1/3,mixed,RODZINNA,96.4/100,62.4/100,12min
Gdańsk,Skwer im. Ignacego Wilczewskiego,0.8,1/3,mixed,RODZINNA,96.4/100,62.4/100,12min
Gdańsk,Wieża Więzienna,0.8,1/3,historical,RODZINNA,96.4/100,62.4/100,12min
Gdańsk,Park Dragana,0.8,1/3,mixed,RODZINNA,96.4/100,62.4/100,12min
Gdańsk,Schron stanowiska dowodzenia,0.8,1/3,mixed,RODZINNA,96.4/100,62.4/100,12min
Gdańsk,Łącznik Fioletowy TPK,0.8,1/3,mixed,RODZINNA,96.4/100,62.4/100,12min
Gdańsk,Skwer im. Krzysztofa Kolbergera,0.7,1/3,mixed,RODZINNA,96.4/100,62.1/100,10min
Gdańsk,Niskie Czoło Kurkowe,0.7,1/3,historical,RODZINNA,96.4/100,62.1/100,10min
Gdańsk,"Stanowisko obserwacyjne ""Bysewo""",0.7,1/3,mixed,RODZINNA,96.4/100,62.1/100,10min
Gdańsk,Dwór Bractwa św. Jerzego,0.5,1/3,historical,RODZINNA,96.4/100,61.5/100,7min
Gdańsk,AmberSky Gdańsk - Koło Widokowe,0.5,1/3,mixed,RODZINNA,96.4/100,61.5/100,7min
Gdańsk,Baszta Wielka Stągiewna,0.4,1/3,historical,RODZINNA,96.4/100,61.2/100,6min
Gdańsk,Luneta Delzous,0.4,1/3,historical,RODZINNA,96.4/100,61.2/100,6min
Gdańsk,Szlak Wzgórz Szymbarskich,0.126,1/3,mixed,RODZINNA,96.4/100,60.38/100,1min
